-- phpMyAdmin SQL Dump
-- version 4.9.2
-- https://www.phpmyadmin.net/
--
-- Host: 127.0.0.1
-- Generation Time: Jan 04, 2020 at 01:15 AM
-- Server version: 10.4.10-MariaDB
-- PHP Version: 7.3.12

SET SQL_MODE = "NO_AUTO_VALUE_ON_ZERO";
SET AUTOCOMMIT = 0;
START TRANSACTION;
SET time_zone = "+00:00";


/*!40101 SET @OLD_CHARACTER_SET_CLIENT=@@CHARACTER_SET_CLIENT */;
/*!40101 SET @OLD_CHARACTER_SET_RESULTS=@@CHARACTER_SET_RESULTS */;
/*!40101 SET @OLD_COLLATION_CONNECTION=@@COLLATION_CONNECTION */;
/*!40101 SET NAMES utf8mb4 */;

--
-- Database: `final_project`
--

-- --------------------------------------------------------

--
-- Table structure for table `cart`
--

CREATE TABLE `cart` (
  `id` int(10) UNSIGNED NOT NULL,
  `products_id` int(11) NOT NULL,
  `product_name` varchar(191) COLLATE utf8mb4_unicode_ci NOT NULL,
  `product_code` varchar(191) COLLATE utf8mb4_unicode_ci NOT NULL,
  `product_color` varchar(191) COLLATE utf8mb4_unicode_ci NOT NULL,
  `size` varchar(191) COLLATE utf8mb4_unicode_ci NOT NULL,
  `price` double(8,2) NOT NULL,
  `quantity` int(11) NOT NULL,
  `user_email` varchar(191) COLLATE utf8mb4_unicode_ci NOT NULL,
  `session_id` varchar(191) COLLATE utf8mb4_unicode_ci NOT NULL,
  `created_at` timestamp NULL DEFAULT NULL,
  `updated_at` timestamp NULL DEFAULT NULL
) ENGINE=MyISAM DEFAULT CHARSET=utf8mb4 COLLATE=utf8mb4_unicode_ci;

--
-- Dumping data for table `cart`
--

INSERT INTO `cart` (`id`, `products_id`, `product_name`, `product_code`, `product_color`, `size`, `price`, `quantity`, `user_email`, `session_id`, `created_at`, `updated_at`) VALUES
(41, 31, 'House', 'SKU-House2', 'White and Brown', '10*10', 20.00, 2, 'weshare@gmail.com', 'bKnMoW6lH0eA6ciYTU47tgeayw5CFUzBkjkBb3F5', '2018-12-06 18:17:37', '2018-12-06 18:17:37'),
(42, 34, 'Lenovo ThinkPad', 'SKU-Lenovo X1', 'Black', '15 inch', 10.00, 2, 'weshare@gmail.com', 'bKnMoW6lH0eA6ciYTU47tgeayw5CFUzBkjkBb3F5', '2018-12-06 18:18:26', '2018-12-06 18:18:26'),
(40, 30, 'Link House New LC2', 'SKU-Link House1', 'Gray', 'Small', 10.00, 5, 'weshare@gmail.com', 'SFoV6rkDUv7y5F81nKOo5H3u0ERK3EYkcBQhUrcm', '2018-12-06 17:50:30', '2018-12-06 17:50:30'),
(39, 31, 'House', 'SKU-House1', 'White and Brown', '5*20', 25.00, 4, 'weshare@gmail.com', 'SFoV6rkDUv7y5F81nKOo5H3u0ERK3EYkcBQhUrcm', '2018-12-06 17:49:50', '2018-12-06 17:49:50'),
(36, 33, 'Cole Haan', 'SKU-Haan1', 'Brown', '25', 12.00, 1, 'weshare@gmail.com', 'OrHCEFHcACdGNXet3m2jVbzlJS0VybkkeknXXilx', '2018-12-06 02:18:10', '2018-12-06 02:18:10'),
(37, 32, 'Vionic Shoes Brand', 'SKU-Vionic3', 'All Colors', '30', 20.00, 1, 'weshare@gmail.com', 'OrHCEFHcACdGNXet3m2jVbzlJS0VybkkeknXXilx', '2018-12-06 02:30:33', '2018-12-06 02:30:33'),
(43, 35, 'Cloths', 'SKU-Red', 'Black', 'S', 2.00, 5, 'weshare@gmail.com', 'bKnMoW6lH0eA6ciYTU47tgeayw5CFUzBkjkBb3F5', '2018-12-06 18:18:31', '2018-12-06 18:18:31'),
(45, 28, 'Lexus Rx 330', 'SKU-Lexus Red', 'White', 'Size Red', 12.00, 2, 'weshare@gmail.com', 'H521SvDG9wljWW2D8hdN9KhFO6A7DXmv8VIwAV16', '2020-01-03 12:31:12', '2020-01-03 12:31:12'),
(46, 82, 'Princess comb', 'lol', 'pink', '1', 7.00, 5, 'weshare@gmail.com', 'iKrC9HDg4OLkig4tKflYqbzDA6rWzW1UpyQFU7AT', '2020-01-03 21:44:17', '2020-01-03 21:44:17');

-- --------------------------------------------------------

--
-- Table structure for table `categories`
--

CREATE TABLE `categories` (
  `id` int(10) UNSIGNED NOT NULL,
  `parent_id` int(11) DEFAULT NULL,
  `name` varchar(191) COLLATE utf8mb4_unicode_ci NOT NULL,
  `description` text COLLATE utf8mb4_unicode_ci DEFAULT NULL,
  `url` varchar(191) COLLATE utf8mb4_unicode_ci NOT NULL,
  `status` tinyint(4) NOT NULL DEFAULT 0,
  `remember_token` varchar(100) COLLATE utf8mb4_unicode_ci DEFAULT NULL,
  `created_at` timestamp NULL DEFAULT NULL,
  `updated_at` timestamp NULL DEFAULT NULL
) ENGINE=MyISAM DEFAULT CHARSET=utf8mb4 COLLATE=utf8mb4_unicode_ci;

--
-- Dumping data for table `categories`
--

INSERT INTO `categories` (`id`, `parent_id`, `name`, `description`, `url`, `status`, `remember_token`, `created_at`, `updated_at`) VALUES
(33, 31, 'Full size stickers', 'Stickers in full sizes to style up your car.', 'http://google.com', 1, NULL, '2020-01-03 20:51:32', '2020-01-03 20:51:32'),
(31, 0, 'Stickers', 'Waterproof and dustproof  stickers to style up your car.', 'http://google.com', 1, NULL, '2020-01-03 20:50:22', '2020-01-03 20:50:22'),
(32, 31, 'Partial stickers', 'Partial or small sized stickers to style your car.', 'http://google.com', 1, NULL, '2020-01-03 20:50:46', '2020-01-03 20:50:46'),
(27, 0, 'keychain', 'Car brand modeled keychains', 'http://google.com', 1, NULL, '2020-01-03 20:47:05', '2020-01-03 20:47:05'),
(28, 27, 'Metal keychain', 'Fully metal based car brands medals and keychains', 'http://google.com', 1, NULL, '2020-01-03 20:47:36', '2020-01-03 20:48:11'),
(29, 27, 'Glass keychain', 'Fully glass glowing car branded keychains', 'http://google.com', 1, NULL, '2020-01-03 20:48:03', '2020-01-03 20:48:03'),
(30, 0, 'Figures', 'Most beloved figures in a car table fitting size', 'http://google.com', 1, NULL, '2020-01-03 20:49:26', '2020-01-03 20:49:26'),
(34, 0, 'Mobile holder', 'Standard and stylish mobile holders to aid you use your daily mobile routine within your car.', 'http://google.com', 1, NULL, '2020-01-03 20:52:23', '2020-01-03 20:52:23'),
(35, 34, 'Standard mobile holder', 'Standard mobile holders to aid you in your daily mobile routine within your car.', 'http://google.com', 1, NULL, '2020-01-03 20:53:05', '2020-01-03 20:53:11'),
(36, 34, 'Stylish mobile holder', 'Stylish mobile holders to aid you in your daily mobile routine within your car with style points.', 'http://google.com', 1, NULL, '2020-01-03 20:53:42', '2020-01-03 20:53:42'),
(37, 0, 'Carpets', 'Standard heat,water and dust resistant car carpets.', 'http://google.com', 1, NULL, '2020-01-03 20:54:09', '2020-01-03 20:54:09'),
(38, 0, 'Mirror accessories', 'Unique mirror accessories to give your car the wanted look.', 'http://google.com', 1, NULL, '2020-01-03 20:55:10', '2020-01-03 20:55:10'),
(39, 0, 'Interior design', 'Unique and stylish interior design parts only for your car.', 'http://google.com', 1, NULL, '2020-01-03 20:55:58', '2020-01-03 20:55:58');

-- --------------------------------------------------------

--
-- Table structure for table `countries`
--

CREATE TABLE `countries` (
  `id` int(10) UNSIGNED NOT NULL,
  `country_code` varchar(2) COLLATE utf8mb4_unicode_ci NOT NULL,
  `country_name` varchar(100) COLLATE utf8mb4_unicode_ci NOT NULL,
  `created_at` timestamp NULL DEFAULT NULL,
  `updated_at` timestamp NULL DEFAULT NULL
) ENGINE=MyISAM DEFAULT CHARSET=utf8mb4 COLLATE=utf8mb4_unicode_ci;

--
-- Dumping data for table `countries`
--

INSERT INTO `countries` (`id`, `country_code`, `country_name`, `created_at`, `updated_at`) VALUES
(2, 'AL', 'Albania', NULL, NULL),
(3, 'DZ', 'Algeria', NULL, NULL),
(4, 'DS', 'American Samoa', NULL, NULL),
(5, 'AD', 'Andorra', NULL, NULL),
(6, 'AO', 'Angola', NULL, NULL),
(7, 'AI', 'Anguilla', NULL, NULL),
(8, 'AQ', 'Antarctica', NULL, NULL),
(9, 'AG', 'Antigua and Barbuda', NULL, NULL),
(10, 'AR', 'Argentina', NULL, NULL),
(11, 'AM', 'Armenia', NULL, NULL),
(12, 'AW', 'Aruba', NULL, NULL),
(13, 'AU', 'Australia', NULL, NULL),
(14, 'AT', 'Austria', NULL, NULL),
(15, 'AZ', 'Azerbaijan', NULL, NULL),
(16, 'BS', 'Bahamas', NULL, NULL),
(17, 'BH', 'Bahrain', NULL, NULL),
(18, 'BD', 'Bangladesh', NULL, NULL),
(19, 'BB', 'Barbados', NULL, NULL),
(20, 'BY', 'Belarus', NULL, NULL),
(21, 'BE', 'Belgium', NULL, NULL),
(22, 'BZ', 'Belize', NULL, NULL),
(23, 'BJ', 'Benin', NULL, NULL),
(24, 'BM', 'Bermuda', NULL, NULL),
(25, 'BT', 'Bhutan', NULL, NULL),
(26, 'BO', 'Bolivia', NULL, NULL),
(27, 'BA', 'Bosnia and Herzegovina', NULL, NULL),
(28, 'BW', 'Botswana', NULL, NULL),
(29, 'BV', 'Bouvet Island', NULL, NULL),
(30, 'BR', 'Brazil', NULL, NULL),
(31, 'IO', 'British Indian Ocean Territory', NULL, NULL),
(32, 'BN', 'Brunei Darussalam', NULL, NULL),
(33, 'BG', 'Bulgaria', NULL, NULL),
(34, 'BF', 'Burkina Faso', NULL, NULL),
(35, 'BI', 'Burundi', NULL, NULL),
(36, 'KH', 'Cambodia', NULL, NULL),
(37, 'CM', 'Cameroon', NULL, NULL),
(38, 'CA', 'Canada', NULL, NULL),
(39, 'CV', 'Cape Verde', NULL, NULL),
(40, 'KY', 'Cayman Islands', NULL, NULL),
(41, 'CF', 'Central African Republic', NULL, NULL),
(42, 'TD', 'Chad', NULL, NULL),
(43, 'CL', 'Chile', NULL, NULL),
(44, 'CN', 'China', NULL, NULL),
(45, 'CX', 'Christmas Island', NULL, NULL),
(46, 'CC', 'Cocos (Keeling) Islands', NULL, NULL),
(47, 'CO', 'Colombia', NULL, NULL),
(48, 'KM', 'Comoros', NULL, NULL),
(49, 'CG', 'Congo', NULL, NULL),
(50, 'CK', 'Cook Islands', NULL, NULL),
(51, 'CR', 'Costa Rica', NULL, NULL),
(52, 'AF', 'Afghanistan', NULL, NULL),
(53, 'AL', 'Albania', NULL, NULL),
(54, 'DZ', 'Algeria', NULL, NULL),
(55, 'DS', 'American Samoa', NULL, NULL),
(56, 'AD', 'Andorra', NULL, NULL),
(57, 'AO', 'Angola', NULL, NULL),
(58, 'AI', 'Anguilla', NULL, NULL),
(59, 'AQ', 'Antarctica', NULL, NULL),
(60, 'AG', 'Antigua and Barbuda', NULL, NULL),
(61, 'AR', 'Argentina', NULL, NULL),
(62, 'AM', 'Armenia', NULL, NULL),
(63, 'AW', 'Aruba', NULL, NULL),
(64, 'AU', 'Australia', NULL, NULL),
(65, 'AT', 'Austria', NULL, NULL),
(66, 'AZ', 'Azerbaijan', NULL, NULL),
(67, 'BS', 'Bahamas', NULL, NULL),
(68, 'BH', 'Bahrain', NULL, NULL),
(69, 'BD', 'Bangladesh', NULL, NULL),
(70, 'BB', 'Barbados', NULL, NULL),
(71, 'BY', 'Belarus', NULL, NULL),
(72, 'BE', 'Belgium', NULL, NULL),
(73, 'BZ', 'Belize', NULL, NULL),
(74, 'BJ', 'Benin', NULL, NULL),
(75, 'BM', 'Bermuda', NULL, NULL),
(76, 'BT', 'Bhutan', NULL, NULL),
(77, 'BO', 'Bolivia', NULL, NULL),
(78, 'BA', 'Bosnia and Herzegovina', NULL, NULL),
(79, 'BW', 'Botswana', NULL, NULL),
(80, 'BV', 'Bouvet Island', NULL, NULL),
(81, 'BR', 'Brazil', NULL, NULL),
(82, 'IO', 'British Indian Ocean Territory', NULL, NULL),
(83, 'BN', 'Brunei Darussalam', NULL, NULL),
(84, 'BG', 'Bulgaria', NULL, NULL),
(85, 'BF', 'Burkina Faso', NULL, NULL),
(86, 'BI', 'Burundi', NULL, NULL),
(87, 'KH', 'Cambodia', NULL, NULL),
(88, 'CM', 'Cameroon', NULL, NULL),
(89, 'CA', 'Canada', NULL, NULL),
(90, 'CV', 'Cape Verde', NULL, NULL),
(91, 'KY', 'Cayman Islands', NULL, NULL),
(92, 'CF', 'Central African Republic', NULL, NULL),
(93, 'TD', 'Chad', NULL, NULL),
(94, 'CL', 'Chile', NULL, NULL),
(95, 'CN', 'China', NULL, NULL),
(96, 'CX', 'Christmas Island', NULL, NULL),
(97, 'CC', 'Cocos (Keeling) Islands', NULL, NULL),
(98, 'CO', 'Colombia', NULL, NULL),
(99, 'KM', 'Comoros', NULL, NULL),
(100, 'CG', 'Congo', NULL, NULL),
(101, 'CK', 'Cook Islands', NULL, NULL),
(102, 'CR', 'Costa Rica', NULL, NULL),
(103, 'HR', 'Croatia (Hrvatska)', NULL, NULL),
(104, 'CU', 'Cuba', NULL, NULL),
(105, 'CY', 'Cyprus', NULL, NULL),
(106, 'CZ', 'Czech Republic', NULL, NULL),
(107, 'DK', 'Denmark', NULL, NULL),
(108, 'DJ', 'Djibouti', NULL, NULL),
(109, 'DM', 'Dominica', NULL, NULL),
(110, 'DO', 'Dominican Republic', NULL, NULL),
(111, 'TP', 'East Timor', NULL, NULL),
(112, 'EC', 'Ecuador', NULL, NULL),
(113, 'EG', 'Egypt', NULL, NULL),
(114, 'SV', 'El Salvador', NULL, NULL),
(115, 'GQ', 'Equatorial Guinea', NULL, NULL),
(116, 'ER', 'Eritrea', NULL, NULL),
(117, 'EE', 'Estonia', NULL, NULL),
(118, 'ET', 'Ethiopia', NULL, NULL),
(119, 'FK', 'Falkland Islands (Malvinas)', NULL, NULL),
(120, 'FO', 'Faroe Islands', NULL, NULL),
(121, 'FJ', 'Fiji', NULL, NULL),
(122, 'FI', 'Finland', NULL, NULL),
(123, 'FR', 'France', NULL, NULL),
(124, 'FX', 'France, Metropolitan', NULL, NULL),
(125, 'GF', 'French Guiana', NULL, NULL),
(126, 'PF', 'French Polynesia', NULL, NULL),
(127, 'TF', 'French Southern Territories', NULL, NULL),
(128, 'GA', 'Gabon', NULL, NULL),
(129, 'GM', 'Gambia', NULL, NULL),
(130, 'GE', 'Georgia', NULL, NULL),
(131, 'DE', 'Germany', NULL, NULL),
(132, 'GH', 'Ghana', NULL, NULL),
(133, 'GI', 'Gibraltar', NULL, NULL),
(134, 'GK', 'Guernsey', NULL, NULL),
(135, 'GR', 'Greece', NULL, NULL),
(136, 'GL', 'Greenland', NULL, NULL),
(137, 'GD', 'Grenada', NULL, NULL),
(138, 'GP', 'Guadeloupe', NULL, NULL),
(139, 'GU', 'Guam', NULL, NULL),
(140, 'GT', 'Guatemala', NULL, NULL),
(141, 'GN', 'Guinea', NULL, NULL),
(142, 'GW', 'Guinea-Bissau', NULL, NULL),
(143, 'GY', 'Guyana', NULL, NULL),
(144, 'HT', 'Haiti', NULL, NULL),
(145, 'HM', 'Heard and Mc Donald Islands', NULL, NULL),
(146, 'HN', 'Honduras', NULL, NULL),
(147, 'HK', 'Hong Kong', NULL, NULL),
(148, 'HU', 'Hungary', NULL, NULL),
(149, 'IS', 'Iceland', NULL, NULL),
(150, 'IN', 'India', NULL, NULL),
(151, 'IM', 'Isle of Man', NULL, NULL),
(152, 'ID', 'Indonesia', NULL, NULL),
(153, 'IR', 'Iran (Islamic Republic of)', NULL, NULL),
(154, 'IQ', 'Iraq', NULL, NULL),
(155, 'IE', 'Ireland', NULL, NULL),
(156, 'IL', 'Israel', NULL, NULL),
(157, 'IT', 'Italy', NULL, NULL),
(158, 'CI', 'Ivory Coast', NULL, NULL),
(159, 'JE', 'Jersey', NULL, NULL),
(160, 'JM', 'Jamaica', NULL, NULL),
(161, 'JP', 'Japan', NULL, NULL),
(162, 'JO', 'Jordan', NULL, NULL),
(163, 'KZ', 'Kazakhstan', NULL, NULL),
(164, 'KE', 'Kenya', NULL, NULL),
(165, 'KI', 'Kiribati', NULL, NULL),
(166, 'KP', 'Korea, Democratic People\'s Republic of', NULL, NULL),
(167, 'KR', 'Korea, Republic of', NULL, NULL),
(168, 'XK', 'Kosovo', NULL, NULL),
(169, 'KW', 'Kuwait', NULL, NULL),
(170, 'KG', 'Kyrgyzstan', NULL, NULL),
(171, 'LA', 'Lao People\'s Democratic Republic', NULL, NULL),
(172, 'LV', 'Latvia', NULL, NULL),
(173, 'LB', 'Lebanon', NULL, NULL),
(174, 'LS', 'Lesotho', NULL, NULL),
(175, 'LR', 'Liberia', NULL, NULL),
(176, 'LY', 'Libyan Arab Jamahiriya', NULL, NULL),
(177, 'LI', 'Liechtenstein', NULL, NULL),
(178, 'LT', 'Lithuania', NULL, NULL),
(179, 'LU', 'Luxembourg', NULL, NULL),
(180, 'MO', 'Macau', NULL, NULL),
(181, 'MK', 'Macedonia', NULL, NULL),
(182, 'MG', 'Madagascar', NULL, NULL),
(183, 'MW', 'Malawi', NULL, NULL),
(184, 'MY', 'Malaysia', NULL, NULL),
(185, 'MV', 'Maldives', NULL, NULL),
(186, 'ML', 'Mali', NULL, NULL),
(187, 'MT', 'Malta', NULL, NULL),
(188, 'MH', 'Marshall Islands', NULL, NULL),
(189, 'MQ', 'Martinique', NULL, NULL),
(190, 'MR', 'Mauritania', NULL, NULL),
(191, 'MU', 'Mauritius', NULL, NULL),
(192, 'TY', 'Mayotte', NULL, NULL),
(193, 'MX', 'Mexico', NULL, NULL),
(194, 'FM', 'Micronesia, Federated States of', NULL, NULL),
(195, 'MD', 'Moldova, Republic of', NULL, NULL),
(196, 'MC', 'Monaco', NULL, NULL),
(197, 'MN', 'Mongolia', NULL, NULL),
(198, 'ME', 'Montenegro', NULL, NULL),
(199, 'MS', 'Montserrat', NULL, NULL),
(200, 'MA', 'Morocco', NULL, NULL),
(201, 'MZ', 'Mozambique', NULL, NULL),
(202, 'MM', 'Myanmar', NULL, NULL),
(203, 'NA', 'Namibia', NULL, NULL),
(204, 'NR', 'Nauru', NULL, NULL),
(205, 'NP', 'Nepal', NULL, NULL),
(206, 'NL', 'Netherlands', NULL, NULL),
(207, 'AN', 'Netherlands Antilles', NULL, NULL),
(208, 'NC', 'New Caledonia', NULL, NULL),
(209, 'NZ', 'New Zealand', NULL, NULL),
(210, 'NI', 'Nicaragua', NULL, NULL),
(211, 'NE', 'Niger', NULL, NULL),
(212, 'NG', 'Nigeria', NULL, NULL),
(213, 'NU', 'Niue', NULL, NULL),
(214, 'NF', 'Norfolk Island', NULL, NULL),
(215, 'MP', 'Northern Mariana Islands', NULL, NULL),
(216, 'NO', 'Norway', NULL, NULL),
(217, 'OM', 'Oman', NULL, NULL),
(218, 'PK', 'Pakistan', NULL, NULL),
(219, 'PW', 'Palau', NULL, NULL),
(220, 'PS', 'Palestine', NULL, NULL),
(221, 'PA', 'Panama', NULL, NULL),
(222, 'PG', 'Papua New Guinea', NULL, NULL),
(223, 'PY', 'Paraguay', NULL, NULL),
(224, 'PE', 'Peru', NULL, NULL),
(225, 'PH', 'Philippines', NULL, NULL),
(226, 'PN', 'Pitcairn', NULL, NULL),
(227, 'PL', 'Poland', NULL, NULL),
(228, 'PT', 'Portugal', NULL, NULL),
(229, 'PR', 'Puerto Rico', NULL, NULL),
(230, 'QA', 'Qatar', NULL, NULL),
(231, 'RE', 'Reunion', NULL, NULL),
(232, 'RO', 'Romania', NULL, NULL),
(233, 'RU', 'Russian Federation', NULL, NULL),
(234, 'RW', 'Rwanda', NULL, NULL),
(235, 'KN', 'Saint Kitts and Nevis', NULL, NULL),
(236, 'LC', 'Saint Lucia', NULL, NULL),
(237, 'VC', 'Saint Vincent and the Grenadines', NULL, NULL),
(238, 'WS', 'Samoa', NULL, NULL),
(239, 'SM', 'San Marino', NULL, NULL),
(240, 'ST', 'Sao Tome and Principe', NULL, NULL),
(241, 'SA', 'Saudi Arabia', NULL, NULL),
(242, 'SN', 'Senegal', NULL, NULL),
(243, 'RS', 'Serbia', NULL, NULL),
(244, 'SC', 'Seychelles', NULL, NULL),
(245, 'SL', 'Sierra Leone', NULL, NULL),
(246, 'SG', 'Singapore', NULL, NULL),
(247, 'SK', 'Slovakia', NULL, NULL),
(248, 'SI', 'Slovenia', NULL, NULL),
(249, 'SB', 'Solomon Islands', NULL, NULL),
(250, 'SO', 'Somalia', NULL, NULL),
(251, 'ZA', 'South Africa', NULL, NULL),
(252, 'GS', 'South Georgia South Sandwich Islands', NULL, NULL),
(253, 'SS', 'South Sudan', NULL, NULL),
(254, 'ES', 'Spain', NULL, NULL),
(255, 'LK', 'Sri Lanka', NULL, NULL),
(256, 'SH', 'St. Helena', NULL, NULL),
(257, 'PM', 'St. Pierre and Miquelon', NULL, NULL),
(258, 'SD', 'Sudan', NULL, NULL),
(259, 'SR', 'Suriname', NULL, NULL),
(260, 'SJ', 'Svalbard and Jan Mayen Islands', NULL, NULL),
(261, 'SZ', 'Swaziland', NULL, NULL),
(262, 'SE', 'Sweden', NULL, NULL),
(263, 'CH', 'Switzerland', NULL, NULL),
(264, 'SY', 'Syrian Arab Republic', NULL, NULL),
(265, 'TW', 'Taiwan', NULL, NULL),
(266, 'TJ', 'Tajikistan', NULL, NULL),
(267, 'TZ', 'Tanzania, United Republic of', NULL, NULL),
(268, 'TH', 'Thailand', NULL, NULL),
(269, 'TG', 'Togo', NULL, NULL),
(270, 'TK', 'Tokelau', NULL, NULL),
(271, 'TO', 'Tonga', NULL, NULL),
(272, 'TT', 'Trinidad and Tobago', NULL, NULL),
(273, 'TN', 'Tunisia', NULL, NULL),
(274, 'TR', 'Turkey', NULL, NULL),
(275, 'TM', 'Turkmenistan', NULL, NULL),
(276, 'TC', 'Turks and Caicos Islands', NULL, NULL),
(277, 'TV', 'Tuvalu', NULL, NULL),
(278, 'UG', 'Uganda', NULL, NULL),
(279, 'UA', 'Ukraine', NULL, NULL),
(280, 'AE', 'United Arab Emirates', NULL, NULL),
(281, 'GB', 'United Kingdom', NULL, NULL),
(282, 'US', 'United States', NULL, NULL),
(283, 'UM', 'United States minor outlying islands', NULL, NULL),
(284, 'UY', 'Uruguay', NULL, NULL),
(285, 'UZ', 'Uzbekistan', NULL, NULL),
(286, 'VU', 'Vanuatu', NULL, NULL),
(287, 'VA', 'Vatican City State', NULL, NULL),
(288, 'VE', 'Venezuela', NULL, NULL),
(289, 'VN', 'Vietnam', NULL, NULL),
(290, 'VG', 'Virgin Islands (British)', NULL, NULL),
(291, 'VI', 'Virgin Islands (U.S.)', NULL, NULL),
(292, 'WF', 'Wallis and Futuna Islands', NULL, NULL),
(293, 'EH', 'Western Sahara', NULL, NULL),
(294, 'YE', 'Yemen', NULL, NULL),
(295, 'ZR', 'Zaire', NULL, NULL),
(296, 'ZM', 'Zambia', NULL, NULL),
(297, 'ZW', 'Zimbabwe', NULL, NULL);

-- --------------------------------------------------------

--
-- Table structure for table `coupons`
--

CREATE TABLE `coupons` (
  `id` int(10) UNSIGNED NOT NULL,
  `coupon_code` varchar(191) COLLATE utf8mb4_unicode_ci NOT NULL,
  `amount` int(11) NOT NULL,
  `amount_type` varchar(191) COLLATE utf8mb4_unicode_ci NOT NULL,
  `expiry_date` date NOT NULL,
  `status` tinyint(4) NOT NULL,
  `created_at` timestamp NULL DEFAULT NULL,
  `updated_at` timestamp NULL DEFAULT NULL
) ENGINE=MyISAM DEFAULT CHARSET=utf8mb4 COLLATE=utf8mb4_unicode_ci;

--
-- Dumping data for table `coupons`
--

INSERT INTO `coupons` (`id`, `coupon_code`, `amount`, `amount_type`, `expiry_date`, `status`, `created_at`, `updated_at`) VALUES
(7, 'syara', 10, 'Percentage', '2023-12-01', 1, '2020-01-03 21:54:17', '2020-01-03 21:54:17');

-- --------------------------------------------------------

--
-- Table structure for table `delivery_address`
--

CREATE TABLE `delivery_address` (
  `id` int(10) UNSIGNED NOT NULL,
  `users_id` int(11) NOT NULL,
  `users_email` varchar(191) COLLATE utf8mb4_unicode_ci NOT NULL,
  `name` varchar(191) COLLATE utf8mb4_unicode_ci NOT NULL,
  `address` varchar(191) COLLATE utf8mb4_unicode_ci NOT NULL,
  `city` varchar(191) COLLATE utf8mb4_unicode_ci NOT NULL,
  `state` varchar(191) COLLATE utf8mb4_unicode_ci NOT NULL,
  `country` varchar(191) COLLATE utf8mb4_unicode_ci NOT NULL,
  `pincode` varchar(191) COLLATE utf8mb4_unicode_ci NOT NULL,
  `mobile` varchar(191) COLLATE utf8mb4_unicode_ci NOT NULL,
  `created_at` timestamp NULL DEFAULT NULL,
  `updated_at` timestamp NULL DEFAULT NULL
) ENGINE=MyISAM DEFAULT CHARSET=utf8mb4 COLLATE=utf8mb4_unicode_ci;

--
-- Dumping data for table `delivery_address`
--

INSERT INTO `delivery_address` (`id`, `users_id`, `users_email`, `name`, `address`, `city`, `state`, `country`, `pincode`, `mobile`, `created_at`, `updated_at`) VALUES
(2, 4, 'weshare@gmail.com', 'weshare', 'address', 'city', 'state', 'Cambodia', 'pincode', 'mobile', NULL, NULL),
(3, 1, 'demo@gmail.com', 'WeShare', '123 Street', 'Phnom Penh', 'PP', 'Cambodia', '12252', '010313234', NULL, NULL);

-- --------------------------------------------------------

--
-- Table structure for table `migrations`
--

CREATE TABLE `migrations` (
  `id` int(10) UNSIGNED NOT NULL,
  `migration` varchar(191) COLLATE utf8mb4_unicode_ci NOT NULL,
  `batch` int(11) NOT NULL
) ENGINE=MyISAM DEFAULT CHARSET=utf8mb4 COLLATE=utf8mb4_unicode_ci;

--
-- Dumping data for table `migrations`
--

INSERT INTO `migrations` (`id`, `migration`, `batch`) VALUES
(3, '2014_10_12_000000_create_users_table', 2),
(2, '2014_10_12_100000_create_password_resets_table', 1),
(8, '2018_10_20_040609_create_categories_table', 3),
(9, '2018_10_24_075802_create_products_table', 4),
(10, '2018_11_08_024109_create_product_att_table', 5),
(11, '2018_11_20_055123_create_tblgallery_table', 6),
(12, '2018_11_26_070031_create_cart_table', 7),
(13, '2018_11_28_072535_create_coupons_table', 8),
(15, '2018_12_01_042342_create_countries_table', 10),
(19, '2018_12_03_043804_add_more_fields_to_users_table', 14),
(17, '2018_12_03_093548_create_delivery_address_table', 12),
(18, '2018_12_05_024718_create_orders_table', 13);

-- --------------------------------------------------------

--
-- Table structure for table `orders`
--

CREATE TABLE `orders` (
  `id` int(10) UNSIGNED NOT NULL,
  `users_id` int(11) NOT NULL,
  `users_email` varchar(100) COLLATE utf8mb4_unicode_ci NOT NULL,
  `name` varchar(100) COLLATE utf8mb4_unicode_ci NOT NULL,
  `address` varchar(191) COLLATE utf8mb4_unicode_ci NOT NULL,
  `city` varchar(100) COLLATE utf8mb4_unicode_ci NOT NULL,
  `state` varchar(100) COLLATE utf8mb4_unicode_ci NOT NULL,
  `pincode` varchar(100) COLLATE utf8mb4_unicode_ci NOT NULL,
  `country` varchar(100) COLLATE utf8mb4_unicode_ci NOT NULL,
  `mobile` varchar(100) COLLATE utf8mb4_unicode_ci NOT NULL,
  `shipping_charges` double(8,2) NOT NULL,
  `coupon_code` varchar(100) COLLATE utf8mb4_unicode_ci NOT NULL,
  `coupon_amount` varchar(100) COLLATE utf8mb4_unicode_ci NOT NULL,
  `order_status` varchar(100) COLLATE utf8mb4_unicode_ci NOT NULL,
  `payment_method` varchar(100) COLLATE utf8mb4_unicode_ci NOT NULL,
  `grand_total` varchar(100) COLLATE utf8mb4_unicode_ci NOT NULL,
  `created_at` timestamp NULL DEFAULT NULL,
  `updated_at` timestamp NULL DEFAULT NULL
) ENGINE=MyISAM DEFAULT CHARSET=utf8mb4 COLLATE=utf8mb4_unicode_ci;

--
-- Dumping data for table `orders`
--

INSERT INTO `orders` (`id`, `users_id`, `users_email`, `name`, `address`, `city`, `state`, `pincode`, `country`, `mobile`, `shipping_charges`, `coupon_code`, `coupon_amount`, `order_status`, `payment_method`, `grand_total`, `created_at`, `updated_at`) VALUES
(7, 1, 'demo@gmail.com', 'WeShare', '123 Street', 'Phnom Penh', 'PP', '12252', 'Cambodia', '010313234', 0.00, 'NO Coupon', '0', 'success', 'Paypal', '70', '2018-12-06 18:20:18', '2018-12-06 18:20:18'),
(6, 4, 'weshare@gmail.com', 'weshare', 'address', 'city', 'state', 'pincode', 'Cambodia', 'mobile', 0.00, 'Coupon001', '2', 'success', 'Paypal', '18', '2018-12-06 01:45:09', '2018-12-06 01:45:09');

-- --------------------------------------------------------

--
-- Table structure for table `password_resets`
--

CREATE TABLE `password_resets` (
  `email` varchar(191) COLLATE utf8mb4_unicode_ci NOT NULL,
  `token` varchar(191) COLLATE utf8mb4_unicode_ci NOT NULL,
  `created_at` timestamp NULL DEFAULT NULL
) ENGINE=MyISAM DEFAULT CHARSET=utf8mb4 COLLATE=utf8mb4_unicode_ci;

-- --------------------------------------------------------

--
-- Table structure for table `products`
--

CREATE TABLE `products` (
  `id` int(10) UNSIGNED NOT NULL,
  `categories_id` int(11) NOT NULL,
  `p_name` varchar(191) COLLATE utf8mb4_unicode_ci NOT NULL,
  `p_code` varchar(191) COLLATE utf8mb4_unicode_ci NOT NULL,
  `p_color` varchar(191) COLLATE utf8mb4_unicode_ci NOT NULL,
  `description` text COLLATE utf8mb4_unicode_ci NOT NULL,
  `price` double(8,2) NOT NULL,
  `image` varchar(191) COLLATE utf8mb4_unicode_ci NOT NULL,
  `created_at` timestamp NULL DEFAULT NULL,
  `updated_at` timestamp NULL DEFAULT NULL
) ENGINE=MyISAM DEFAULT CHARSET=utf8mb4 COLLATE=utf8mb4_unicode_ci;

--
-- Dumping data for table `products`
--

INSERT INTO `products` (`id`, `categories_id`, `p_name`, `p_code`, `p_color`, `description`, `price`, `image`, `created_at`, `updated_at`) VALUES
(47, 29, 'Toyota keychain', '011', 'blue', 'Glowing glass based Toyota key&nbsp;chain.', 15.00, '1578092709-toyota-keychain.jpg', '2020-01-03 21:05:10', '2020-01-03 21:05:10'),
(44, 29, 'LandRover keychain', '08', 'green', 'Glowing glass based Land Rover key chain.', 10.00, '1578092617-landrover-keychain.jpg', '2020-01-03 21:03:37', '2020-01-03 21:03:37'),
(43, 29, 'Volks Wagen keychain', '07', 'purple', 'Glowing glass based Volks Wagen keychain.', 10.00, '1578092586-volks-wagen-keychain.jpg', '2020-01-03 21:03:06', '2020-01-03 21:03:06'),
(37, 28, 'BMW keychain', '01', 'grey', 'Fully metal based BMW brand key chain.', 2.00, '1578092286-bmw-keychain.jpg', '2020-01-03 20:58:06', '2020-01-03 20:58:06'),
(39, 28, 'Hyundai keychain', '03', 'silver', 'Fully metal based Hyundai keychain.', 2.00, '1578092382-hyundai-keychain.png', '2020-01-03 20:59:43', '2020-01-03 20:59:43'),
(41, 28, 'Mercedes Benz keychain', '05', 'black', 'Fully metal based Mercedes Benz key&nbsp;chain.', 5.00, '1578092490-mercedes-benz-keychain.jpg', '2020-01-03 21:01:30', '2020-01-03 21:01:30'),
(48, 35, 'AMD mobile holder', '012', 'black', 'Standard AMD mobile holder crafted from rubber.', 3.00, '1578092760-amd-mobile-holder.jpg', '2020-01-03 21:06:00', '2020-01-03 21:06:00'),
(49, 35, 'Sticky glass mobile holder', '013', 'black', 'Standard sticky mobile holder that holds up to 1KG', 5.00, '1578092806-sticky-glass-mobile-holder.jpg', '2020-01-03 21:06:46', '2020-01-03 21:06:46'),
(51, 36, 'Boo the holder', '016', 'white', 'Unique and stylish Boo mobile holder that holds up to 6.0 screens', 7.00, '1578092914-boo-the-holder.jpg', '2020-01-03 21:08:35', '2020-01-03 21:08:35'),
(52, 36, 'Donuts holder', '015', 'brown', 'A mobile holder in the shape of a donut', 2.00, '1578092973-donuts-holder.jpg', '2020-01-03 21:09:33', '2020-01-03 21:09:33'),
(53, 36, 'Flowerish mobile holder', '018', 'yellow', 'A flower shaped mobile holder with five stickers to secure the hold.', 5.00, '1578093009-flowerish-mobile-holder.jpg', '2020-01-03 21:10:09', '2020-01-03 21:10:09'),
(54, 36, 'Luxurious mobile holder', '020', 'gold', 'A luxurious mobile holder that fits the needs of a luxurious car.', 25.00, '1578093046-luxurious-mobile-holder.jpg', '2020-01-03 21:10:46', '2020-01-03 21:10:46'),
(55, 32, 'Boo sticker', '021', 'white', 'Boo sticker&nbsp;<br>550 x 500', 2.00, '1578093106-boo-sticker.jpg', '2020-01-03 21:11:46', '2020-01-03 21:11:46'),
(57, 32, 'Doggo the surprised', '023', 'brown', 'Surprise everyone with doggo the surprised on your car<br>1000 x 950', 5.00, '1578093176-doggo-the-surprised.jpg', '2020-01-03 21:12:56', '2020-01-03 21:12:56'),
(59, 33, 'Sakura ignition', '025', 'red', 'Give your car a furious look with Sakura in her ignition mode.', 25.00, '1578093265-sakura-ignition.jpg', '2020-01-03 21:14:25', '2020-01-03 21:14:25'),
(60, 33, 'Kawaii anime', '026', 'pink', 'For anime lovers', 20.00, '1578093293-kawaii-anime.jpg', '2020-01-03 21:14:53', '2020-01-03 21:14:53'),
(62, 32, 'Cup holder sticker', '028', 'red', 'Two cup holder stickers for all the Pokemon and car lovers.', 6.00, '1578093362-cup-holder-sticker.jpg', '2020-01-03 21:16:02', '2020-01-03 21:16:02'),
(63, 38, 'God got this!', '029', 'cyan', 'A double faced mirror accessory to bless your ride', 2.00, '1578093415-god-got-this.jpg', '2020-01-03 21:16:55', '2020-01-03 21:16:55'),
(64, 38, 'North dream catcher', '030', 'white', 'Catch everyone\'s attention with the North\'s dreamcatcher within your car.', 7.00, '1578093459-north-dream-catcher.jpg', '2020-01-03 21:17:39', '2020-01-03 21:17:39'),
(65, 38, 'Strong and independent', '031', 'silver', 'Show your might within your ride with the new mirror accessory.<br>150x150', 5.00, '1578093518-strong-and-independent.jpg', '2020-01-03 21:18:39', '2020-01-03 21:18:39'),
(66, 38, 'Girly stuff', '032', 'blue', 'What\'s better than a wheel?<br>A wheel within a wheel!', 1.00, '1578093571-girly-stuff.jpg', '2020-01-03 21:19:31', '2020-01-03 21:48:43'),
(68, 30, 'Supreme dudes', '037', 'red', 'Supreme and durable swagger', 10.00, '1578093708-supreme-dudes.jpg', '2020-01-03 21:21:48', '2020-01-03 21:21:48'),
(69, 30, 'Doggo triplet', '040', 'white', 'Doggo x3', 15.00, '1578093731-doggo-triplet.jpg', '2020-01-03 21:22:11', '2020-01-03 21:22:11'),
(71, 30, 'Weeeeew family', '044', 'brown', 'A family united on your car\'s table', 20.00, '1578093800-weeeeew-family.jpg', '2020-01-03 21:23:20', '2020-01-03 21:23:20'),
(74, 37, 'Classy carpet', '049', 'brown', '<b></b>4 pieces of pure rubber crafted to fit your needs<b></b>.', 30.00, '1578093912-classy-carpet.jpg', '2020-01-03 21:25:12', '2020-01-03 21:25:12'),
(76, 37, 'Luxurious carpet', '051', 'black', '4 pieces of pure rubber crafted to fit your needs', 55.00, '1578093957-luxurious-carpet.jpg', '2020-01-03 21:25:57', '2020-01-03 21:25:57'),
(80, 39, 'Arabic design', '060', 'sand', 'Arabian culture based chair cover to fit your classic desires.', 100.00, '1578094121-arabic-design.jpg', '2020-01-03 21:28:42', '2020-01-03 21:28:42'),
(81, 39, 'Leather head', '061', 'black', 'So much swagger!', 5.00, '1578094148-leather-head.jpg', '2020-01-03 21:29:08', '2020-01-03 21:29:08'),
(82, 39, 'Princess comb', '063', 'pink', 'A princess with a comb deserves a car with one.', 4.00, '1578094184-princess-comb.jpg', '2020-01-03 21:29:44', '2020-01-03 21:29:44'),
(83, 39, 'Cute monster', '064', 'pink', 'LOL nothing to say here!', 120.00, '1578094208-cute-monster.jpg', '2020-01-03 21:30:09', '2020-01-03 21:30:09');

-- --------------------------------------------------------

--
-- Table structure for table `product_att`
--

CREATE TABLE `product_att` (
  `id` int(10) UNSIGNED NOT NULL,
  `products_id` int(11) NOT NULL,
  `sku` varchar(191) COLLATE utf8mb4_unicode_ci NOT NULL,
  `size` varchar(191) COLLATE utf8mb4_unicode_ci NOT NULL,
  `price` double(8,2) NOT NULL,
  `stock` int(11) NOT NULL,
  `created_at` timestamp NULL DEFAULT NULL,
  `updated_at` timestamp NULL DEFAULT NULL
) ENGINE=MyISAM DEFAULT CHARSET=utf8mb4 COLLATE=utf8mb4_unicode_ci;

--
-- Dumping data for table `product_att`
--

INSERT INTO `product_att` (`id`, `products_id`, `sku`, `size`, `price`, `stock`, `created_at`, `updated_at`) VALUES
(14, 34, 'SKU-Lenovo X1', '15 inch', 10.00, 2, '2018-12-05 20:08:43', '2018-12-05 20:08:43'),
(13, 35, 'SKU-Red', 'S', 2.00, 5, '2018-12-05 20:08:08', '2018-12-05 20:08:08'),
(12, 35, 'SKU-White', 'L', 6.00, 2, '2018-12-05 20:07:42', '2018-12-05 20:07:42'),
(11, 35, 'SKU-Black', 'M', 5.00, 10, '2018-12-05 20:07:11', '2018-12-05 20:07:11'),
(15, 34, 'SKU-Carbon', '14 inch', 4.00, 5, '2018-12-05 20:09:05', '2018-12-05 20:09:05'),
(16, 33, 'SKU-Haan1', '25', 12.00, 3, '2018-12-05 20:09:45', '2018-12-05 20:09:45'),
(17, 33, 'SKU-Haan2', '22', 10.00, 1, '2018-12-05 20:09:58', '2018-12-05 20:09:58'),
(18, 33, 'SKU-Haan3', '19', 2.00, 3, '2018-12-05 20:10:16', '2018-12-05 20:10:16'),
(19, 32, 'SKU-Vionic1', '20', 10.00, 5, '2018-12-05 20:11:02', '2018-12-05 20:11:02'),
(20, 32, 'SKU-Vionic2', '20', 15.00, 4, '2018-12-05 20:11:24', '2018-12-05 20:11:24'),
(21, 32, 'SKU-Vionic3', '30', 20.00, 1, '2018-12-05 20:11:38', '2018-12-05 20:11:38'),
(22, 31, 'SKU-House1', '5*20', 25.00, 4, '2018-12-05 20:12:13', '2018-12-05 20:12:13'),
(23, 31, 'SKU-House2', '10*10', 20.00, 2, '2018-12-05 20:12:30', '2018-12-05 20:12:30'),
(24, 31, 'SKU-House3', '20*20', 20.00, 5, '2018-12-05 20:12:46', '2018-12-05 20:12:46'),
(25, 30, 'SKU-Link House1', 'Small', 10.00, 5, '2018-12-05 20:13:06', '2018-12-05 20:13:06'),
(26, 30, 'SKU-House2', 'Medium', 15.00, 23, '2018-12-05 20:13:23', '2018-12-05 20:13:23'),
(27, 30, 'SKU-House3', 'Large', 5.00, 2, '2018-12-05 20:14:55', '2018-12-05 20:14:55'),
(28, 29, 'SKU-Prius1', 'One Size', 12.00, 2, '2018-12-05 20:15:43', '2018-12-05 20:15:43'),
(29, 28, 'SKU-Lexus Red', 'Size Red', 12.00, 12, '2018-12-05 20:16:28', '2018-12-05 20:16:28'),
(30, 28, 'SKU-Lexus2', 'Size Black', 11.00, 22, '2018-12-05 20:16:48', '2018-12-05 20:16:48'),
(31, 28, 'SKU-Lexus3', 'Size White', 12.00, 2, '2018-12-05 20:17:02', '2018-12-05 20:17:02'),
(32, 27, 'SKU-Hilander', 'Size Black', 50.00, 10, '2018-12-05 20:17:35', '2018-12-05 20:17:35'),
(33, 27, 'SKU-Hilander1', 'Size White', 20.00, 10, '2018-12-05 20:17:46', '2018-12-05 20:17:46'),
(34, 27, 'SKU-Hilande3', 'Size Red', 20.00, 10, '2018-12-05 20:18:01', '2018-12-05 20:18:01'),
(35, 36, 'lol', '5cm', 5.00, 5, '2020-01-03 20:07:16', '2020-01-03 20:07:16'),
(37, 82, 'lol', '1', 4.00, 5, '2020-01-03 21:43:58', '2020-01-03 21:46:10'),
(38, 83, 'lol', '1', 90.00, 5, '2020-01-03 21:45:40', '2020-01-03 21:45:40'),
(39, 81, 'lol', '1', 5.00, 130, '2020-01-03 21:46:28', '2020-01-03 21:46:28'),
(40, 80, 'lol', '1', 50.00, 3, '2020-01-03 21:46:47', '2020-01-03 21:46:47'),
(41, 76, 'lol', '1', 55.00, 2, '2020-01-03 21:47:07', '2020-01-03 21:47:07'),
(42, 74, 'lol', '1', 30.00, 7, '2020-01-03 21:47:21', '2020-01-03 21:47:21'),
(43, 71, 'lol', '1', 20.00, 66, '2020-01-03 21:47:47', '2020-01-03 21:47:47'),
(44, 69, 'lol', '1', 15.00, 4, '2020-01-03 21:48:01', '2020-01-03 21:48:01'),
(45, 68, 'lol', '1', 10.00, 100, '2020-01-03 21:48:14', '2020-01-03 21:48:14'),
(46, 66, 'lol', '1', 1.00, 1, '2020-01-03 21:48:26', '2020-01-03 21:48:26'),
(47, 65, 'lol', '1', 5.00, 89, '2020-01-03 21:48:56', '2020-01-03 21:49:09'),
(48, 64, 'lol', '1', 7.00, 13, '2020-01-03 21:49:26', '2020-01-03 21:49:26'),
(49, 63, 'lol', '1', 2.00, 55, '2020-01-03 21:49:43', '2020-01-03 21:49:43'),
(50, 62, 'lol', '1', 6.00, 10, '2020-01-03 21:49:56', '2020-01-03 21:49:56'),
(51, 60, 'lol', '1', 20.00, 3, '2020-01-03 21:50:10', '2020-01-03 21:50:10'),
(52, 59, 'lol', '1', 25.00, 2, '2020-01-03 21:50:22', '2020-01-03 21:50:22'),
(53, 57, 'lol', '1', 5.00, 999, '2020-01-03 21:50:37', '2020-01-03 21:50:37'),
(54, 55, 'lol', '1', 2.00, 999, '2020-01-03 21:50:50', '2020-01-03 21:50:50'),
(55, 54, 'lol', '1', 25.00, 5, '2020-01-03 21:51:01', '2020-01-03 21:51:01'),
(56, 52, 'lol', '1', 2.00, 20, '2020-01-03 21:51:23', '2020-01-03 21:51:23'),
(57, 51, 'lol', '1', 7.00, 15, '2020-01-03 21:51:44', '2020-01-03 21:51:44'),
(58, 49, 'lol', '1', 5.00, 5, '2020-01-03 21:51:56', '2020-01-03 21:51:56'),
(59, 48, 'lol', '1', 3.00, 56, '2020-01-03 21:52:13', '2020-01-03 21:52:13'),
(60, 47, 'lol', '1', 15.00, 600, '2020-01-03 21:52:25', '2020-01-03 21:52:25'),
(61, 44, 'lol', '1', 10.00, 99, '2020-01-03 21:52:41', '2020-01-03 21:52:41'),
(62, 43, 'lol', '1', 10.00, 60, '2020-01-03 21:52:54', '2020-01-03 21:52:54'),
(63, 41, 'lol', '1', 5.00, 78, '2020-01-03 21:53:23', '2020-01-03 21:53:23');

-- --------------------------------------------------------

--
-- Table structure for table `tblgallery`
--

CREATE TABLE `tblgallery` (
  `id` int(10) UNSIGNED NOT NULL,
  `products_id` int(11) NOT NULL,
  `image` varchar(191) COLLATE utf8mb4_unicode_ci NOT NULL,
  `created_at` timestamp NULL DEFAULT NULL,
  `updated_at` timestamp NULL DEFAULT NULL
) ENGINE=MyISAM DEFAULT CHARSET=utf8mb4 COLLATE=utf8mb4_unicode_ci;

--
-- Dumping data for table `tblgallery`
--

INSERT INTO `tblgallery` (`id`, `products_id`, `image`, `created_at`, `updated_at`) VALUES
(8, 27, '7664271544063472.jpg', '2018-12-05 19:31:12', '2018-12-05 19:31:12'),
(9, 27, '6768551544063472.jpg', '2018-12-05 19:31:13', '2018-12-05 19:31:13'),
(10, 27, '4131281544063473.jpg', '2018-12-05 19:31:13', '2018-12-05 19:31:13'),
(11, 28, '6720891544063734.jpg', '2018-12-05 19:35:34', '2018-12-05 19:35:34'),
(12, 28, '4686631544063734.jpg', '2018-12-05 19:35:34', '2018-12-05 19:35:34'),
(13, 28, '5960611544063759.jpeg', '2018-12-05 19:35:59', '2018-12-05 19:35:59'),
(14, 29, '5146071544063935.JPG', '2018-12-05 19:38:55', '2018-12-05 19:38:55'),
(15, 29, '762811544063935.jpg', '2018-12-05 19:38:55', '2018-12-05 19:38:55'),
(16, 29, '3716041544063935.jpg', '2018-12-05 19:38:56', '2018-12-05 19:38:56'),
(17, 30, '6832831544064156.jpg', '2018-12-05 19:42:37', '2018-12-05 19:42:37'),
(18, 30, '1655391544064157.jpg', '2018-12-05 19:42:37', '2018-12-05 19:42:37'),
(19, 30, '4693601544064157.jpg', '2018-12-05 19:42:37', '2018-12-05 19:42:37'),
(20, 31, '9233341544064441.jpg', '2018-12-05 19:47:21', '2018-12-05 19:47:21'),
(21, 31, '8167501544064441.jpg', '2018-12-05 19:47:22', '2018-12-05 19:47:22'),
(22, 31, '3887071544064442.jpg', '2018-12-05 19:47:22', '2018-12-05 19:47:22'),
(23, 32, '3998691544064618.jpg', '2018-12-05 19:50:18', '2018-12-05 19:50:18'),
(24, 32, '1159141544064618.jpg', '2018-12-05 19:50:18', '2018-12-05 19:50:18'),
(25, 32, '2035101544064618.jpg', '2018-12-05 19:50:18', '2018-12-05 19:50:18'),
(26, 33, '2128501544064917.jpg', '2018-12-05 19:55:17', '2018-12-05 19:55:17'),
(27, 33, '5649911544064917.jpg', '2018-12-05 19:55:17', '2018-12-05 19:55:17'),
(28, 33, '3704141544064917.jpg', '2018-12-05 19:55:17', '2018-12-05 19:55:17'),
(29, 34, '3899431544065346.JPG', '2018-12-05 20:02:26', '2018-12-05 20:02:26'),
(30, 34, '119131544065346.jpg', '2018-12-05 20:02:27', '2018-12-05 20:02:27'),
(31, 34, '6905491544065347.jpg', '2018-12-05 20:02:27', '2018-12-05 20:02:27'),
(32, 35, '981591544065510.jpeg', '2018-12-05 20:05:10', '2018-12-05 20:05:10'),
(33, 35, '5320811544065510.jpg', '2018-12-05 20:05:11', '2018-12-05 20:05:11'),
(34, 35, '1153181544065511.jpg', '2018-12-05 20:05:11', '2018-12-05 20:05:11');

-- --------------------------------------------------------

--
-- Table structure for table `users`
--

CREATE TABLE `users` (
  `id` int(10) UNSIGNED NOT NULL,
  `name` varchar(191) COLLATE utf8mb4_unicode_ci NOT NULL,
  `email` varchar(191) COLLATE utf8mb4_unicode_ci NOT NULL,
  `email_verified_at` timestamp NULL DEFAULT NULL,
  `password` varchar(191) COLLATE utf8mb4_unicode_ci NOT NULL,
  `admin` tinyint(4) DEFAULT NULL,
  `remember_token` varchar(100) COLLATE utf8mb4_unicode_ci DEFAULT NULL,
  `created_at` timestamp NULL DEFAULT NULL,
  `updated_at` timestamp NULL DEFAULT NULL,
  `address` text COLLATE utf8mb4_unicode_ci DEFAULT NULL,
  `city` varchar(191) COLLATE utf8mb4_unicode_ci DEFAULT NULL,
  `state` varchar(191) COLLATE utf8mb4_unicode_ci DEFAULT NULL,
  `country` varchar(191) COLLATE utf8mb4_unicode_ci DEFAULT NULL,
  `pincode` varchar(191) COLLATE utf8mb4_unicode_ci DEFAULT NULL,
  `mobile` varchar(191) COLLATE utf8mb4_unicode_ci DEFAULT NULL
) ENGINE=MyISAM DEFAULT CHARSET=utf8mb4 COLLATE=utf8mb4_unicode_ci;

--
-- Dumping data for table `users`
--

INSERT INTO `users` (`id`, `name`, `email`, `email_verified_at`, `password`, `admin`, `remember_token`, `created_at`, `updated_at`, `address`, `city`, `state`, `country`, `pincode`, `mobile`) VALUES
(6, 'yaser', 'yaser@gmail.com', NULL, '$2y$10$YW5w0v3si7Kca6tOFUE66e272L2S47zDa4qGZHfZ1cNciHwfTs1La', 1, 'KmOnJ424HjwAwO2vVOtsdttY3oAHXSSaU5RIj0I71f1ylxRK5zEFj7hJTVUx', '2020-01-03 12:30:43', '2020-01-03 12:30:43', NULL, NULL, NULL, NULL, NULL, NULL);

--
-- Indexes for dumped tables
--

--
-- Indexes for table `cart`
--
ALTER TABLE `cart`
  ADD PRIMARY KEY (`id`);

--
-- Indexes for table `categories`
--
ALTER TABLE `categories`
  ADD PRIMARY KEY (`id`),
  ADD UNIQUE KEY `slug` (`name`);

--
-- Indexes for table `countries`
--
ALTER TABLE `countries`
  ADD PRIMARY KEY (`id`);

--
-- Indexes for table `coupons`
--
ALTER TABLE `coupons`
  ADD PRIMARY KEY (`id`);

--
-- Indexes for table `delivery_address`
--
ALTER TABLE `delivery_address`
  ADD PRIMARY KEY (`id`);

--
-- Indexes for table `migrations`
--
ALTER TABLE `migrations`
  ADD PRIMARY KEY (`id`);

--
-- Indexes for table `orders`
--
ALTER TABLE `orders`
  ADD PRIMARY KEY (`id`);

--
-- Indexes for table `password_resets`
--
ALTER TABLE `password_resets`
  ADD KEY `password_resets_email_index` (`email`);

--
-- Indexes for table `products`
--
ALTER TABLE `products`
  ADD PRIMARY KEY (`id`);

--
-- Indexes for table `product_att`
--
ALTER TABLE `product_att`
  ADD PRIMARY KEY (`id`);

--
-- Indexes for table `tblgallery`
--
ALTER TABLE `tblgallery`
  ADD PRIMARY KEY (`id`);

--
-- Indexes for table `users`
--
ALTER TABLE `users`
  ADD PRIMARY KEY (`id`),
  ADD UNIQUE KEY `users_email_unique` (`email`);

--
-- AUTO_INCREMENT for dumped tables
--

--
-- AUTO_INCREMENT for table `cart`
--
ALTER TABLE `cart`
  MODIFY `id` int(10) UNSIGNED NOT NULL AUTO_INCREMENT, AUTO_INCREMENT=47;

--
-- AUTO_INCREMENT for table `categories`
--
ALTER TABLE `categories`
  MODIFY `id` int(10) UNSIGNED NOT NULL AUTO_INCREMENT, AUTO_INCREMENT=40;

--
-- AUTO_INCREMENT for table `countries`
--
ALTER TABLE `countries`
  MODIFY `id` int(10) UNSIGNED NOT NULL AUTO_INCREMENT, AUTO_INCREMENT=298;

--
-- AUTO_INCREMENT for table `coupons`
--
ALTER TABLE `coupons`
  MODIFY `id` int(10) UNSIGNED NOT NULL AUTO_INCREMENT, AUTO_INCREMENT=8;

--
-- AUTO_INCREMENT for table `delivery_address`
--
ALTER TABLE `delivery_address`
  MODIFY `id` int(10) UNSIGNED NOT NULL AUTO_INCREMENT, AUTO_INCREMENT=4;

--
-- AUTO_INCREMENT for table `migrations`
--
ALTER TABLE `migrations`
  MODIFY `id` int(10) UNSIGNED NOT NULL AUTO_INCREMENT, AUTO_INCREMENT=20;

--
-- AUTO_INCREMENT for table `orders`
--
ALTER TABLE `orders`
  MODIFY `id` int(10) UNSIGNED NOT NULL AUTO_INCREMENT, AUTO_INCREMENT=8;

--
-- AUTO_INCREMENT for table `products`
--
ALTER TABLE `products`
  MODIFY `id` int(10) UNSIGNED NOT NULL AUTO_INCREMENT, AUTO_INCREMENT=84;

--
-- AUTO_INCREMENT for table `product_att`
--
ALTER TABLE `product_att`
  MODIFY `id` int(10) UNSIGNED NOT NULL AUTO_INCREMENT, AUTO_INCREMENT=64;

--
-- AUTO_INCREMENT for table `tblgallery`
--
ALTER TABLE `tblgallery`
  MODIFY `id` int(10) UNSIGNED NOT NULL AUTO_INCREMENT, AUTO_INCREMENT=35;

--
-- AUTO_INCREMENT for table `users`
--
ALTER TABLE `users`
  MODIFY `id` int(10) UNSIGNED NOT NULL AUTO_INCREMENT, AUTO_INCREMENT=8;
COMMIT;

/*!40101 SET CHARACTER_SET_CLIENT=@OLD_CHARACTER_SET_CLIENT */;
/*!40101 SET CHARACTER_SET_RESULTS=@OLD_CHARACTER_SET_RESULTS */;
/*!40101 SET COLLATION_CONNECTION=@OLD_COLLATION_CONNECTION */;
